{
    "userInfo": {
        "imgUrl": "../theme/images/headIcon.png",
        "gradeName": "李培红三年级",
        "gradeId": "12345",
        "city": "郑州",
        "sex": "0",
        "schoolId": "1234",
        "mobile": "15093265531",
        "typeId": "1",
        "userName": "刘海丽",
        "region": "二七区",
        "schoolName": "郑州家长俱乐部学校",
        "userId": "64229940"
    },
    "newApps": [
        {
            "freehref": "",
            "sysType": "1",
            "isMutiApp": "2",
            "isnew": "1",
            "isActive": "2",
            "secMenu": "jxhd",
            "appPic": "app_resources/themes/2015/5c81fecf-ae48-4442-83cc-a68990761840/appPic/appPic.jpg",
            "isKeywords": "1",
            "appDescPic": "app_resources/themes/2015/5c81fecf-ae48-4442-83cc-a68990761840/appDescPic/appDescPic.jpg",
            "contact": "5d6fdf26-781d-4f6f-ad65-2f74c22c6f4b",
            "value": "家校联系",
            "ishot": "1",
            "order": "40",
            "appMxPic": "app_resources/themes/2015/5c81fecf-ae48-4442-83cc-a68990761840/appMxPic/appMxPic.jpg",
            "appName": "家校联系",
            "packagePrice": "3",
            "nodeUid": "5c81fecf-ae48-4442-83cc-a68990761840",
            "label": "家校联系",
            "threeOfferCode": "100200000011",
            "videourl": "http://player.youku.com/player.php/sid/XODY2NTc5MjY0/v.swf",
            "appID": "100200000011",
            "domain": "1,2,3",
            "recmdpckg": "",
            "apphref": "http://login.xxt.cn/auth/cmcclogincheck.do?gotoType=1&gotoUrl=http%3A%2F%2Fjxlx.xxt.cn%2Fjxlx%2Fmain%2Fmain.action%3Ftemp%3D1407727849010%231010001"
        },
        {
            "freehref": "http://login.xxt.cn/auth/cmcclogincheck.do?gotoType=1&gotoUrl=http%3A%2F%2Fq.xxt.cn%2Fallq%2Fsearchq.action%3FsearchType%3D1%26circleType%3D0",
            "appMxPic": "app_resources/themes/2015/10170c2e-3b2f-4bde-bc85-88e7701f41c0/appMxPic/appMxPic.jpg",
            "sysType": "1",
            "appName": "特色圈子",
            "packagePrice": "0",
            "isMutiApp": "2",
            "nodeUid": "10170c2e-3b2f-4bde-bc85-88e7701f41c0",
            "isnew": "1",
            "label": "特色圈子TSQZ",
            "isActive": "2",
            "secMenu": "jysq",
            "appPic": "app_resources/themes/2015/10170c2e-3b2f-4bde-bc85-88e7701f41c0/appPic/appPic.jpg",
            "threeOfferCode": "",
            "isKeywords": "1",
            "appDescPic": "app_resources/themes/2015/10170c2e-3b2f-4bde-bc85-88e7701f41c0/appDescPic/appDescPic.jpg",
            "appID": "TSQZ",
            "domain": "1,2,3",
            "contact": "6c062156-92e3-4530-a9d0-992201f2d6b6",
            "recmdpckg": "",
            "apphref": "http://login.xxt.cn/auth/cmcclogincheck.do?gotoType=1&gotoUrl=http%3A%2F%2Fq.xxt.cn%2Fallq%2Fsearchq.action%3FsearchType%3D1%26circleType%3D0",
            "value": "特色圈子",
            "ishot": "1",
            "order": "0"
        }
    ],
    "rtnMsg": "success",
    "notifyInfo": {
        "scheduleNum": 0,
        "noticeNum": 0,
        "schoolRptNum": 0,
        "seatChartNum": 0,
        "homeWorkNum": 0
    },
    "rtnCode": "1"
}