{
    "rtnMsg": "调用成功",
    "retInfo": [
        {
            "examDate": "2015-01-28 17:10",
            "examNm": "",
            "examId": 2122446,
            "termID": null,
            "termNm": null
        },
        {
            "examDate": "2015-01-28 17:10",
            "examNm": "客服小学1.2班测试期末成绩",
            "examId": 2122447,
            "termID": null,
            "termNm": null
        },
        {
            "examDate": "2015-01-28 17:10",
            "examNm": "客服小学1.2班测试期末成绩",
            "examId": 2122448,
            "termID": null,
            "termNm": null
        },
        {
            "examDate": "2015-01-28 17:10",
            "examNm": "客服小学1.2班测试期末成绩",
            "examId": 2122449,
            "termID": null,
            "termNm": null
        }
    ],
    "rtnCode": "1"
}