{
    "retInfo": [
        {
            "rw": 1,
            "school": "客服小学",
            "title": "打扰了测试下",
            "content": "您好，测试一下"
        },
        {
            "rw": 2,
            "school": "客服小学",
            "title": "测试一下！",
            "content": "测试此功能是否正常，打扰请见谅！"
        },
        {
            "rw": 3,
            "school": "客服小学",
            "title": "测试校内公告",
            "content": "校内公告信息"
        }
    ],
    "rtnMsg": "调用成功",
    "rtnCode": "1"
}