{
    "packagePrice": "3",
    "threeOfferCode": "100200000011",
    "freehref": "",
    "appDescPic": "app_resources/themes/2015/5c81fecf-ae48-4442-83cc-a68990761840/appDescPic/appDescPic.jpg",
    "apphref": "http://login.xxt.cn/auth/cmcclogincheck.do?gotoType=1&gotoUrl=http%3A%2F%2Fjxlx.xxt.cn%2Fjxlx%2Fmain%2Fmain.action%3Ftemp%3D1407727849010%231010001",
    "contact": {
        "phoneNum": "400-811-6688",
        "phone": "12556166",
        "smscustomer": "客户服务热线",
        "PhoneRemarks": "（限移动手机拨打）",
        "hotline": "12556167",
        "onlineservice": "http://cs.xxt.cn/cs/cschat.do?url=http://v.xxt.cn/&chatKey=ERRlXDVq0uXvIMl4IjBozk0r1iSdMei9R88XCt9yiEyc3FpblLjKOuJbk4Ps",
        "smsRemarks": "（限移动手机拨打）",
        "customer": "教师语音秘书",
        "qq": "765113743"
    },
    "appDesc": "家校联系平台是为教育行业量身打造的网络沟通与信息化应用平台。该平台通过“短信发送”、“班级管理”、“成绩管理”、“校园OA”、“校讯通博客”、“在线课程”、“天天练”等功能，为老师、家长、学生提供便捷的沟通、学习、分享教育资源渠道，为学校提供综合信息化解决方案，极大提升了校务管理效率，真正实现了家校携手共育，助力学生健康成长。",
    "isMutiApp": "1",
    "domain": "1,2,3",
    "isnew": "1",
    "offerId": "100200000011",
    "rtnMsg": "您没有权限订购该产品！",
    "androidapp": "",
    "sysType": "1",
    "appleapp": "",
    "recmdpckg": "",
    "nodeUid": "5c81fecf-ae48-4442-83cc-a68990761840",
    "secMenu": "jxgt",
    "appName": "天天向上天天向上天天向上天天向上天天向上天天向上天天向上天天向上天天向上天天向上天天向上天天向上天天向上",
    "isActive": "2",
	"orderState":"2",
    "videourl": "http://player.youku.com/player.php/sid/XODY2NTc5MjY0/v.swf",
    "cpackage": [],
    "appPic": "app_resources/themes/2015/5c81fecf-ae48-4442-83cc-a68990761840/appPic/appPic.jpg",
    "rtnCode": "1",
    "appMxPic": "app_resources/themes/2015/5c81fecf-ae48-4442-83cc-a68990761840/appMxPic/appMxPic.jpg",
    "appID": "100200000011",
    "ishot": "1"
}