{
    "datas": [
        {
            "isActive": "2",
            "menuDomain": "1,2,3",
            "order": "1",
            "appLs": [
                {
                    "packagePrice": "3",
                    "threeOfferCode": "100200000011",
                    "freehref": "",
                    "appDescPic": "app_resources/themes/2015/5c81fecf-ae48-4442-83cc-a68990761840/appDescPic/appDescPic.jpg",
                    "apphref": "http://login.xxt.cn/auth/cmcclogincheck.do?gotoType=1&gotoUrl=http%3A%2F%2Fjxlx.xxt.cn%2Fjxlx%2Fmain%2Fmain.action%3Ftemp%3D1407727849010%231010001",
                    "contact": "5d6fdf26-781d-4f6f-ad65-2f74c22c6f4b",
                    "appDesc": "家校联系平台是为教育行业量身打造的网络沟通与信息化应用平台。该平台通过“短信发送”、“班级管理”、“成绩管理”、“校园OA”、“校讯通博客”、“在线课程”、“天天练”等功能，为老师、家长、学生提供便捷的沟通、学习、分享教育资源渠道，为学校提供综合信息化解决方案，极大提升了校务管理效率，真正实现了家校携手共育，助力学生健康成长。",
                    "isMutiApp": "2",
                    "order": "40",
                    "domain": "1,2,3",
                    "value": "家校联系",
                    "isnew": "1",
                    "sysType": "1",
                    "isKeywords": "1",
                    "recmdpckg": "",
                    "nodeUid": "5c81fecf-ae48-4442-83cc-a68990761840",
                    "label": "家校联系",
                    "secMenu": "jxhd",
                    "appName": "家校联系",
                    "isActive": "2",
                    "videourl": "http://player.youku.com/player.php/sid/XODY2NTc5MjY0/v.swf",
                    "appPic": "app_resources/themes/2015/5c81fecf-ae48-4442-83cc-a68990761840/appPic/appPic.jpg",
                    "appMxPic": "app_resources/themes/2015/5c81fecf-ae48-4442-83cc-a68990761840/appMxPic/appMxPic.jpg",
                    "appID": "100200000011",
                    "ishot": "1"
                },
                {
                    "sysType": "1",
                    "isKeywords": "2",
                    "packagePrice": "0",
                    "freehref": "http://login.xxt.cn/auth/cmcclogincheck.do?gotoType=1&gotoUrl=http%3A%2F%2Fjxlx.xxt.cn%2Fjxlx%2Fmain%2Fmain.action%3Ftemp%3D1407727849010%234000000",
                    "threeOfferCode": "",
                    "nodeUid": "e200e88d-8f51-4671-899a-a1cdaf872d12",
                    "recmdpckg": "",
                    "appDescPic": "app_resources/themes/2015/e200e88d-8f51-4671-899a-a1cdaf872d12/appDescPic/appDescPic.jpg",
                    "apphref": "http://login.xxt.cn/auth/cmcclogincheck.do?gotoType=1&gotoUrl=http%3A%2F%2Fjxlx.xxt.cn%2Fjxlx%2Fmain%2Fmain.action%3Ftemp%3D1407727849010%234000000",
                    "label": "班级资料管理BJDAGL",
                    "secMenu": "jxhd",
                    "contact": "df9a621f-a1f4-4e1f-9632-6d8bca05a6fa",
                    "isActive": "2",
                    "appName": "班级资料管理",
                    "appDesc": "轻松实现学生电子资料的添加、删除、修改等，方便老师及时调整学生资料信息，便于日常班级管理。",
                    "isMutiApp": "2",
                    "appPic": "app_resources/themes/2015/e200e88d-8f51-4671-899a-a1cdaf872d12/appPic/appPic.jpg",
                    "order": "30",
                    "value": "班级资料管理",
                    "domain": "2",
                    "appMxPic": "app_resources/themes/2015/e200e88d-8f51-4671-899a-a1cdaf872d12/appMxPic/appMxPic.jpg",
                    "isnew": "2",
                    "appID": "BJDAGL",
                    "ishot": "2"
                },
                {
                    "sysType": "1",
                    "isKeywords": "2",
                    "packagePrice": "0",
                    "freehref": "http://login.xxt.cn/auth/cmcclogincheck.do?gotoType=1&gotoUrl=http%3A%2F%2Fjxlx.xxt.cn%2Fjxlx%2Fmain%2Fmain.action%3Ftemp%3D1407727849010%233000000",
                    "threeOfferCode": "",
                    "nodeUid": "dfdafb33-ee33-469e-8daf-8e9586666b7d",
                    "recmdpckg": "",
                    "appDescPic": "app_resources/themes/2015/dfdafb33-ee33-469e-8daf-8e9586666b7d/appDescPic/appDescPic.jpg",
                    "apphref": "http://login.xxt.cn/auth/cmcclogincheck.do?gotoType=1&gotoUrl=http%3A%2F%2Fjxlx.xxt.cn%2Fjxlx%2Fmain%2Fmain.action%3Ftemp%3D1407727849010%233000000",
                    "label": "成绩管理CJGL",
                    "secMenu": "jxhd",
                    "contact": "6c062156-92e3-4530-a9d0-992201f2d6b6",
                    "isActive": "2",
                    "appName": "成绩管理",
                    "appDesc": "轻松实现成绩一对一发送，快速准确；系统自动纵向、横向对比多维度智能分析，方便教师及时发现问题调整教学内容；使学生成绩管理更加系统、科学",
                    "isMutiApp": "2",
                    "appPic": "app_resources/themes/2015/dfdafb33-ee33-469e-8daf-8e9586666b7d/appPic/appPic.jpg",
                    "order": "20",
                    "value": "成绩管理",
                    "domain": "1,2,3",
                    "appMxPic": "app_resources/themes/2015/dfdafb33-ee33-469e-8daf-8e9586666b7d/appMxPic/appMxPic.jpg",
                    "isnew": "2",
                    "appID": "CJGL",
                    "ishot": "1"
                },
                {
                    "sysType": "1",
                    "isKeywords": "1",
                    "packagePrice": "0",
                    "freehref": "http://login.xxt.cn/auth/cmcclogincheck.do?gotoType=1&gotoUrl=http%3A%2F%2Fjxlx.xxt.cn%2Fjxlx%2Fmain%2Fmain.action%3Ftemp%3D1407727849010%232090000",
                    "threeOfferCode": "",
                    "nodeUid": "1b059eef-2643-4db2-85c7-8411a6aa5b66",
                    "recmdpckg": "",
                    "appDescPic": "app_resources/themes/2015/1b059eef-2643-4db2-85c7-8411a6aa5b66/appDescPic/appDescPic.jpg",
                    "apphref": "http://login.xxt.cn/auth/cmcclogincheck.do?gotoType=1&gotoUrl=http%3A%2F%2Fjxlx.xxt.cn%2Fjxlx%2Fmain%2Fmain.action%3Ftemp%3D1407727849010%232090000",
                    "label": "作业管理ZYGL",
                    "secMenu": "jxhd",
                    "contact": "6c062156-92e3-4530-a9d0-992201f2d6b6",
                    "isActive": "2",
                    "appName": "作业管理",
                    "appDesc": "老师可以把习题、学习材料作为附件上传，并通知家长登录校讯通网站去查看，类似于作业邮箱的功能，家长只能查看下载，不能进行任何的修改删除，另外家长还可以通过系统反馈孩子的作业情况、完成时间，帮助学校和老师解决布置作业的难题。",
                    "isMutiApp": "2",
                    "appPic": "app_resources/themes/2015/1b059eef-2643-4db2-85c7-8411a6aa5b66/appPic/appPic.jpg",
                    "order": "10",
                    "value": "作业管理",
                    "domain": "1,2,3",
                    "appMxPic": "app_resources/themes/2015/1b059eef-2643-4db2-85c7-8411a6aa5b66/appMxPic/appMxPic.jpg",
                    "isnew": "2",
                    "appID": "ZYGL",
                    "ishot": "1"
                },
                {
                    "sysType": "1",
                    "isKeywords": "2",
                    "packagePrice": "0",
                    "freehref": "http://login.xxt.cn/auth/cmcclogincheck.do?gotoType=1&gotoUrl=http%3A%2F%2Fjxlx.xxt.cn%2Fjxlx%2Fmain%2Fmain.action%3Ftemp%3D1407727849010%234000000",
                    "threeOfferCode": "",
                    "nodeUid": "e200e88d-8f51-4671-899a-a1cdaf872d12",
                    "recmdpckg": "",
                    "appDescPic": "app_resources/themes/2015/e200e88d-8f51-4671-899a-a1cdaf872d12/appDescPic/appDescPic.jpg",
                    "apphref": "http://login.xxt.cn/auth/cmcclogincheck.do?gotoType=1&gotoUrl=http%3A%2F%2Fjxlx.xxt.cn%2Fjxlx%2Fmain%2Fmain.action%3Ftemp%3D1407727849010%234000000",
                    "label": "班级资料管理BJDAGL",
                    "secMenu": "jxhd",
                    "contact": "df9a621f-a1f4-4e1f-9632-6d8bca05a6fa",
                    "isActive": "2",
                    "appName": "班级资料管理",
                    "appDesc": "轻松实现学生电子资料的添加、删除、修改等，方便老师及时调整学生资料信息，便于日常班级管理。",
                    "isMutiApp": "2",
                    "appPic": "app_resources/themes/2015/e200e88d-8f51-4671-899a-a1cdaf872d12/appPic/appPic.jpg",
                    "order": "30",
                    "value": "班级资料管理",
                    "domain": "2",
                    "appMxPic": "app_resources/themes/2015/e200e88d-8f51-4671-899a-a1cdaf872d12/appMxPic/appMxPic.jpg",
                    "isnew": "2",
                    "appID": "BJDAGL",
                    "ishot": "2"
                },
                {
                    "sysType": "1",
                    "isKeywords": "2",
                    "packagePrice": "0",
                    "freehref": "http://login.xxt.cn/auth/cmcclogincheck.do?gotoType=1&gotoUrl=http%3A%2F%2Fjxlx.xxt.cn%2Fjxlx%2Fmain%2Fmain.action%3Ftemp%3D1407727849010%233000000",
                    "threeOfferCode": "",
                    "nodeUid": "dfdafb33-ee33-469e-8daf-8e9586666b7d",
                    "recmdpckg": "",
                    "appDescPic": "app_resources/themes/2015/dfdafb33-ee33-469e-8daf-8e9586666b7d/appDescPic/appDescPic.jpg",
                    "apphref": "http://login.xxt.cn/auth/cmcclogincheck.do?gotoType=1&gotoUrl=http%3A%2F%2Fjxlx.xxt.cn%2Fjxlx%2Fmain%2Fmain.action%3Ftemp%3D1407727849010%233000000",
                    "label": "成绩管理CJGL",
                    "secMenu": "jxhd",
                    "contact": "6c062156-92e3-4530-a9d0-992201f2d6b6",
                    "isActive": "2",
                    "appName": "成绩管理",
                    "appDesc": "轻松实现成绩一对一发送，快速准确；系统自动纵向、横向对比多维度智能分析，方便教师及时发现问题调整教学内容；使学生成绩管理更加系统、科学",
                    "isMutiApp": "2",
                    "appPic": "app_resources/themes/2015/dfdafb33-ee33-469e-8daf-8e9586666b7d/appPic/appPic.jpg",
                    "order": "20",
                    "value": "成绩管理",
                    "domain": "1,2,3",
                    "appMxPic": "app_resources/themes/2015/dfdafb33-ee33-469e-8daf-8e9586666b7d/appMxPic/appMxPic.jpg",
                    "isnew": "2",
                    "appID": "CJGL",
                    "ishot": "1"
                },
                {
                    "sysType": "1",
                    "isKeywords": "1",
                    "packagePrice": "0",
                    "freehref": "http://login.xxt.cn/auth/cmcclogincheck.do?gotoType=1&gotoUrl=http%3A%2F%2Fjxlx.xxt.cn%2Fjxlx%2Fmain%2Fmain.action%3Ftemp%3D1407727849010%232090000",
                    "threeOfferCode": "",
                    "nodeUid": "1b059eef-2643-4db2-85c7-8411a6aa5b66",
                    "recmdpckg": "",
                    "appDescPic": "app_resources/themes/2015/1b059eef-2643-4db2-85c7-8411a6aa5b66/appDescPic/appDescPic.jpg",
                    "apphref": "http://login.xxt.cn/auth/cmcclogincheck.do?gotoType=1&gotoUrl=http%3A%2F%2Fjxlx.xxt.cn%2Fjxlx%2Fmain%2Fmain.action%3Ftemp%3D1407727849010%232090000",
                    "label": "作业管理ZYGL",
                    "secMenu": "jxhd",
                    "contact": "6c062156-92e3-4530-a9d0-992201f2d6b6",
                    "isActive": "2",
                    "appName": "作业管理",
                    "appDesc": "老师可以把习题、学习材料作为附件上传，并通知家长登录校讯通网站去查看，类似于作业邮箱的功能，家长只能查看下载，不能进行任何的修改删除，另外家长还可以通过系统反馈孩子的作业情况、完成时间，帮助学校和老师解决布置作业的难题。",
                    "isMutiApp": "2",
                    "appPic": "app_resources/themes/2015/1b059eef-2643-4db2-85c7-8411a6aa5b66/appPic/appPic.jpg",
                    "order": "10",
                    "value": "作业管理",
                    "domain": "1,2,3",
                    "appMxPic": "app_resources/themes/2015/1b059eef-2643-4db2-85c7-8411a6aa5b66/appMxPic/appMxPic.jpg",
                    "isnew": "2",
                    "appID": "ZYGL",
                    "ishot": "1"
                }
            ],
            "menuName": "家校互动",
            "menuID": "jxhd"
        }
    ],
    "rtnCode": 1
}