{
    "rtnMsg": "调用成功",
    "examName": "期中考试",
    "retInfo": [
        {
            "courseId": "111",
            "course": "语文",
            "score": "76",
            "avgscore": "66",
            "rank": "11",
            "grade": "五班",
            "school": "人民路小学"
        },
        {
            "courseId": "222",
            "course": "数学",
            "score": "95",
            "avgscore": "73",
            "rank": "3",
            "grade": "五班",
            "school": "人民路小学"
        },
        {
            "courseId": "333",
            "course": "英语",
            "score": "30",
            "avgscore": "73",
            "rank": "33",
            "grade": "五班",
            "school": "人民路小学"
        }
    ],
    "rtnCode": "1"
}
