{
    "retInfo": [
        {
            "date": "2015-05-04 17:02:05",
            "datas": [
                {
                    "teacher": "技术投诉",
                    "grade": "2014新生小小1班",
                    "workstate": "1",
                    "course": "数学",
                    "attach": "z",
                    "worktime": "30",
                    "title": "2015-05-042014新生小小1班数学作业",
                    "courseId": "222",
                    "content": "家长您好！今天数学作业如下：XXXX。请您做好监督，孩子完成作业后请手机回复作业完成情况。（回复１表示完成，２未完成）【老师】",
                    "workId": "594172",
                    "estime": "60"
                },
                {
                    "teacher": "技术投诉",
                    "grade": "2014新生小小1班",
                    "workstate": "0",
                    "course": "语文",
                    "attach": "d",
                    "worktime": "0",
                    "title": "2015-05-042014新生小小1班数学作业",
                    "courseId": "111",
                    "content": "家长您好！今天数学作业如下：XXXX。请您做好监督，孩子完成作业后请手机回复作业完成情况。（回复１表示完成，２未完成）【老师】",
                    "workId": "594173",
                    "estime": "60"
                }
            ]
        },
        {
            "date": "2015-05-03 17:02:05",
            "datas": [
                {
                    "teacher": "技术投诉",
                    "grade": "2014新生小小1班",
                    "workstate": "1",
                    "course": "语文",
                    "attach": "",
                    "worktime": "30",
                    "title": "2015-05-042014新生小小1班数学作业",
                    "courseId": "111",
                    "content": "家长您好！今天数学作业如下：XXXX。请您做好监督，孩子完成作业后请手机回复作业完成情况。（回复１表示完成，２未完成）【老师】",
                    "workId": "594172",
                    "estime": "60"
                }
            ]
        }
    ],
    "rtnMsg": "调用成功",
    "rtnCode": "1"
}